Record_ID,Title,Author,Journal,Year,DOI,Retraction_Date,Reason
1,RETRACTED: Cross-Cultural communication of language learning social software based on FPGA and transfer learning,"Zang, Shengnan",Microprocessors and Microsystems,2021,10.1016/j.micpro.2020.103768,2026-01-15,See publisher notice
2,RETRACTED: Research on the spread effect of data recording sports app on outdoor running group,"Liang, Feng",Microprocessors and Microsystems,2021,10.1016/j.micpro.2021.103927,2026-01-15,See publisher notice
3,RETRACTED: Development of financial option pricing system based on fpga and machine learning,"Yu, Xisheng",Microprocessors and Microsystems,2021,10.1016/j.micpro.2020.103708,2026-01-15,See publisher notice
4,RETRACTED: Microprocessor in vitro simulation system applied to the separation of intestinal flora and fermented food microorganisms,"Lyu, Yuhong",Microprocessors and Microsystems,2021,10.1016/j.micpro.2021.104006,2026-01-15,See publisher notice
5,WITHDRAWN: Mitigation of voltage sag/swell by dynamic voltage restorer using fuzzy based particle swarm controller,"Sudharani, S.",Materials Today: Proceedings,2021,10.1016/j.matpr.2020.11.609,2025-11-01,See publisher notice
6,RETRACTED: Comparative study of structural and optical behavior of Er3+ doped Y2SiO5 phosphor prepared by different methods,"Upadhyay, Kanchan",Materials Science and Engineering: B,2022,10.1016/j.mseb.2021.115511,2025-11-05,See publisher notice
7,WITHDRAWN: The role of cobalt on cathode material for intermediate temperature solid oxide fuel cells: A review,"Shen, Minghai",International Journal of Hydrogen Energy,2022,10.1016/j.ijhydene.2022.01.206,2025-10-05,See publisher notice
8,Retraction notice to “Development of curcumin-loaded silk fibroin nanoparticles as drug delivery vehicle for the treatment of ischemic stroke for patients in nursing care in hospitals” [J. Drug Deliv. Sci. Technol. 55 (2020) 101360],"Zhang, Liang",Journal of Drug Delivery Science and Technology,2021,10.1016/j.jddst.2020.102187,2025-10-29,See publisher notice
9,WITHDRAWN: Evolving Practice Trends of Aortic Root Surgery in North America,"Caceres, Manuel",The Annals of Thoracic Surgery,2014,10.1016/j.athoracsur.2014.07.053,2025-09-13,See publisher notice
10,[Retracted] SMAD specific E3 ubiquitin protein ligase 1 promotes ovarian cancer cell migration and invasion via the activation of the RhoA/ROCK signaling pathway,"Wang, Wei",Oncology Reports,2025,10.3892/or.2025.8938,2025-06-30,See publisher notice
11,"RETRACTED: Experimental investigations of oxidation stability of biodiesel produced from Prunus armeniaca oil (apricot oil) and effect of various antioxidants on stability, engine performance and emissions","Kumar, Santosh",Fuel,2018,10.1016/j.fuel.2017.11.147,2025-09-16,See publisher notice
12,[Retracted] Fbxw7 regulates hepatocellular carcinoma migration and invasion via Notch1 signaling pathway,"Wang, Xing",International Journal of Oncology,2025,10.3892/ijo.2025.5763,2025-06-16,See publisher notice
13,WITHDRAWN: Evaluation of safety distance for blast of hybrid rocket propellants,"Takahashi, Akiyo",Fire Safety Journal,2020,10.1016/j.firesaf.2020.103145,2025-10-07,See publisher notice
14,RETRACTED: Delivering power system transition in China,"Yuan, Jiahai",Energy Policy,2012,10.1016/j.enpol.2012.08.024,2025-10-04,See publisher notice
15,RETRACTED: Influence of prolonged cardiopulmonary bypass times on splanchnic perfusion and markers of splanchnic organ function,"Kumle, Bernhard",The Annals of Thoracic Surgery,2003,10.1016/s0003-4975(02)04903-2,2025-09-13,See publisher notice
16,Retraction of “Flexible and Microporous Chitosan Hydrogel/Nano ZnO Composite Bandages for Wound Dressing: In Vitro and In Vivo Evaluation”,"Kumar, P. T. Sudheesh",ACS Applied Materials &amp; Interfaces,2019,10.1021/acsami.9b11759,2023-04-28,See publisher notice
17,WITHDRAWN: Control and stability of micro grids during transient states,"Raju, L. Bangar",Materials Today: Proceedings,2021,10.1016/j.matpr.2020.11.057,2025-11-01,See publisher notice
18,Statement of Retraction: The negation of a probability distribution: A generalized approach,,Cybernetics and Systems,2026,10.1080/01969722.2025.2608458,2026-01-10,See publisher notice
19,"RETRACTED: Exploring synergies between lean construction theory and industry 4.0 technologies in the architectural, engineering and construction industry: A people, process, technology perspective","Zhan, Shen",Results in Engineering,2022,10.1016/j.rineng.2022.100405,2025-11-12,See publisher notice
20,RETRACTED: Investigating the Factors Affecting Information and Communication Technology (ICT) Usage of Turkish Students in PISA 2009,"Gumus, Sedat",Procedia - Social and Behavioral Sciences,2012,10.1016/j.sbspro.2012.11.026,2025-10-29,See publisher notice
21,RETRACTED: Sports and health big data system based on 5G network and Internet of Things system,"Zhan, Kai",Microprocessors and Microsystems,2021,10.1016/j.micpro.2020.103363,2024-07-10,See publisher notice
22,RETRACTED: miR-221&amp;222 Regulate TRAIL Resistance and Enhance Tumorigenicity through PTEN and TIMP3 Downregulation,"Garofalo, Michela",Cancer Cell,2009,10.1016/j.ccr.2009.10.014,2025-10-26,See publisher notice
23,RETRACTED ARTICLE: Enterprise financial risk model based on cloud computing in age of big data,"Han, Wenzhuo",Soft Computing,2023,10.1007/s00500-023-08362-y,2026-01-13,See publisher notice
24,RETRACTED ARTICLE: Periapical dental X-ray image classification using deep neural networks,"Vasdev, Dipit",Annals of Operations Research,2022,10.1007/s10479-022-04961-4,2025-04-09,See publisher notice
25,"Retraction notice to ""Bracing NK cell based therapy to relegate pulmonary inflammation in COVID-19"" [Heliyon 7 (2021) e07635]","Jeyaraman, Madhan",Heliyon,2026,10.1016/j.heliyon.2026.e44773,2026-03-26,See publisher notice
26,Notice of Violation of IEEE Publication Principles: Construction of GC-Balanced DNA With Deletion/Insertion/Mutation Error Correction for DNA Storage System,"Xue, Tianbo",IEEE Access,2020,10.1109/access.2020.3012688,2022-01-12,See publisher notice
27,"RETRACTED CHAPTER: Autism Spectrum Disorder Detection Using Transfer Learning with VGG 19, Inception V3 and DenseNet 201","Rabbi, Md. Fazlay",Communications in Computer and Information Science,2023,10.1007/978-3-031-23599-3_14,2026-01-14,See publisher notice
28,Retraction: Inhibition of Mircorna-766-5p Attenuates the Development of Cervical Cancer Through Regulating SCAI,,Technology in Cancer Research &amp; Treatment,2025,10.1177/15330338251363342,2025-08-17,See publisher notice
29,"RETRACTED: The relationship between audit committees, compensation incentives and corporate audit fees in Pakistan","Rustam, Sehrish",Economic Modelling,2013,10.1016/j.econmod.2013.01.008,2020-07-22,See publisher notice
30,"RETRACTION: “Effects of Crude Extracts from Medicinal Herbs
                    <i>Rhazya stricta</i>
                    and
                    <i>Zingiber officinale</i>
                    on Growth and Proliferation of Human Brain Cancer Cell Line In Vitro”","International, BioMed Research",BioMed Research International,2026,10.1155/bmri/9807398,2026-04-06,See publisher notice
31,"RETRACTED: Biochar production: Recent developments, applications, and challenges","Danesh, Payam",Fuel,2023,10.1016/j.fuel.2022.126889,2024-12-04,See publisher notice
32,RETRACTION: KCTD12 Promotes G1/S Transition of Breast Cancer Cell through Activating the AKT/FOXO1 Signaling,,Journal of Clinical Laboratory Analysis,2026,10.1002/jcla.70219,2026-04-07,See publisher notice
33,Notice of Retraction: Prediction and Analysis of Chinese CPI Based on RBF Neural Network,"Yu, Wang",2009 International Forum on Information Technology and Applications,2009,10.1109/ifita.2009.204,2019-06-11,See publisher notice
34,Retraction Note: Crystal Structure and Biological Activity of Two Novel Coordination Polymers as Anti-Gastric Cancer Agents,"Zhou, Q. L.",Russian Journal of Coordination Chemistry,2024,10.1134/s1070328424030023,2026-04-03,See publisher notice
35,Retraction Note: 5-Fluorouracil Trapping in a Porous Ba(II)-Organic Framework: Drug Delivery and Anti-Thyroid Cancer Activity Evaluation,"Zhang, Q. J.",Russian Journal of Coordination Chemistry,2024,10.1134/s1070328424030059,2026-04-03,See publisher notice
36,RETRACTED: USP1 Regulates Cellular Senescence by Controlling Genomic Integrity,"Ogrunc, Müge",Cell Reports,2016,10.1016/j.celrep.2016.04.033,2025-10-31,See publisher notice
37,RETRACTED: The effects of listening to healing beat music on adults’ recovery from exposure to stressful stimuli: A randomized controlled trial,"Bae, Ik-Lyul",Integrative Medicine Research,2022,10.1016/j.imr.2021.100753,2025-11-01,See publisher notice
38,RETRACTED: Sedation and anesthesia in GI endoscopy,"Lichtenstein, David R.",Gastrointestinal Endoscopy,2008,10.1016/j.gie.2008.06.002,2025-09-16,See publisher notice
39,"Retraction: ‘HOXD-AS1 confers cisplatin resistance in gastric cancer through epigenetically silencing PDCD4 via recruiting EZH2’ (2019), by Ye
                    <i>et al.</i>",,Open Biology,2023,10.1098/rsob.230322,2026-02-24,See publisher notice
40,Retraction: Pooled prevalence and determinants of modern contraceptive utilization in East Africa: A Multi-country Analysis of recent Demographic and Health Surveys,,PLOS One,2026,10.1371/journal.pone.0344523,2026-03-10,See publisher notice
41,RETRACTED ARTICLE: Embedded task system and Gaussian mixture model in the analysis and application of user behavior in marketing management,"Wang, Xia",Wireless Networks,2021,10.1007/s11276-021-02697-w,2026-03-31,See publisher notice
42,"Retraction: “Direct numerical simulation of the Ekman layer: A step in Reynolds number, and cautious support for a log law with a shifted origin” [Phys. Fluids 20, 101507 (2008)]","Spalart, Philippe R.",Physics of Fluids,2009,10.1063/1.3247176,2023-06-29,See publisher notice
43,Retraction Note: Sarcopenia as a predictor of poor functional outcome of cervical spine surgery: A systematic review and meta-analysis,"Tayal, Anish",Neurosurgical Review,2026,10.1007/s10143-026-04247-4,2026-03-25,See publisher notice
44,RETRACTED: Deep learning network (DL-Net) based classification and segmentation of multi-class retinal diseases using OCT scans,"Nagamani, G. Muni",Biomedical Signal Processing and Control,2024,10.1016/j.bspc.2023.105619,2024-10-01,See publisher notice
45,Retraction Note: Void Hole Avoidance Based on Sink Mobility and Adaptive Two Hop Vector-Based Forwarding in Underwater Wireless Sensor Networks,"Rehman, Zia Ur",Wireless Personal Communications,2026,10.1007/s11277-026-11967-9,2026-03-30,See publisher notice
46,Retraction Note: Live Detection of Face Using Machine Learning with Multi-feature Method,"Kumar, Sandeep",Wireless Personal Communications,2026,10.1007/s11277-026-11975-9,2026-03-30,See publisher notice
47,Retraction Note: Performance and Analysis of Advanced and Enhanced Security Protocol for Vehicular Ad Hoc Networks (VANETs),"Ganesh, A.",Wireless Personal Communications,2026,10.1007/s11277-026-12000-9,2026-03-30,See publisher notice
48,RETRACTED: Microhardness profile prediction of a graded steel by strain gradient plasticity theory,"Nazari, Ali",Computational Materials Science,2011,10.1016/j.commatsci.2011.01.014,2025-10-15,See publisher notice
49,RETRACTED: Hydroxychloroquine and azithromycin as a treatment of COVID-19: results of an open-label non-randomized clinical trial,"Gautret, Philippe",International Journal of Antimicrobial Agents,2020,10.1016/j.ijantimicag.2020.105949,2025-02-23,See publisher notice
50,"RETRACTED: Prospects of physical, mechanical, and advanced recycling of end-of-life polystyrenes: Towards full recyclability","Goshayeshi, Bahman",Current Opinion in Green and Sustainable Chemistry,2023,10.1016/j.cogsc.2023.100821,2025-11-10,See publisher notice
51,Retracted: De novo synthesis and assembly of multiplex riboswitches in vitro,"Sun, Hao‐Hua",Biotechnology Progress,2009,10.1002/btpr.224,2025-10-10,See publisher notice
52,Retraction Note to: Research on the Initial Arrival Recognition and Judgment Method of Microseismic Signals Based on PELT,"Wang, Xulin",Pure and Applied Geophysics,2026,10.1007/s00024-026-03936-x,2026-03-31,See publisher notice
53,Retraction Note: Evidence of near-ambient superconductivity in a N-doped lutetium hydride,"Dasenbrock-Gammon, Nathan",Nature,2023,10.1038/s41586-023-06774-2,2026-02-25,See publisher notice
54,RETRACTED ARTICLE: Trust aware secured energy efficient fuzzy clustering-based protocol in wireless sensor networks,"Kranthikumar, Bhukya",Soft Computing,2023,10.1007/s00500-023-08098-9,2026-01-13,See publisher notice
55,RETRACTED: Knockdown of long non-coding RNA HOXD-AS1 inhibits the progression of osteosarcoma,"Qu, Yang",Biomedicine &amp; Pharmacotherapy,2018,10.1016/j.biopha.2018.01.024,2025-10-10,See publisher notice
56,Retraction Note: Unveiling the genetic diversity and host specificities of rust: morphological and molecular characterization of Berberis species,"Uddin, Siraj",Genetic Resources and Crop Evolution,2026,10.1007/s10722-026-02785-w,2026-03-21,See publisher notice
57,RETRACTED: Towards a unified knowledge management framework for Global Environment Facility Small Grants Programme (GEF-SGP): Bridging global goals with local insights,"Mitra, Susmita",Environmental Development,2026,10.1016/j.envdev.2025.101364,2026-03-10,See publisher notice
58,Retraction: MiR-221/222 ameliorates deoxynivalenol-induced apoptosis and proliferation inhibition in intestinal epithelial cells by targeting PTEN,,Frontiers in Cell and Developmental Biology,2026,10.3389/fcell.2026.1788573,2026-01-21,See publisher notice
59,"RETRACTED: Beneficial effect of Caesalpinia pulcherrima linn., on diabetic neuropathy, cognitive dysfunction and cardiac complications in streptozotocin-induced diabetic rats","AnandaKumar, Seethakallu Ramachandraiah",Heliyon,2024,10.1016/j.heliyon.2024.e39774,2026-04-06,See publisher notice
60,Retraction Note: Grid sampling based hypergraph matching technique for multiple objects tracking in video frames,"Srinivasan, Palanivel",Multimedia Tools and Applications,2026,10.1007/s11042-026-21522-0,2026-04-08,See publisher notice
61,RETRACTED: High-intensity interval training modulates male factor infertility through anti-inflammatory and antioxidative mechanisms in infertile men: A randomized controlled trial,"Hajizadeh Maleki, Behzad",Cytokine,2020,10.1016/j.cyto.2019.154861,2025-10-19,See publisher notice
62,WITHDRAWN: Convolutional neural network use chest radiography images for identification of COVID-19,"Murali, D.",Materials Today: Proceedings,2020,10.1016/j.matpr.2020.10.866,2025-11-01,See publisher notice
63,Retraction Note: Predicting the site of origin of tumors by a gene expression signature derived from normal tissues,"Staub, E",Oncogene,2010,10.1038/onc.2010.184,2022-06-14,See publisher notice
64,Retraction Note: miR-661 expression in SNAI1-induced epithelial to mesenchymal transition contributes to breast cancer cell invasion by targeting Nectin-1 and StarD10 messengers,"Vetter, G",Oncogene,2015,10.1038/onc.2015.265,2022-06-14,See publisher notice
65,Retraction Note: Dishonesty is more affected by BMI status than by short-term changes in glucose,"Polizzi di Sorrentino, Eugenia",Scientific Reports,2021,10.1038/s41598-020-80528-2,2022-12-02,See publisher notice
66,WITHDRAWN: Porous Si3N4 ceramics with uniform microstructure fabricated by in-situ pre-gel casting combined with non-directional freeze-drying,"Zhang, Heng",Journal of the European Ceramic Society,2024,10.1016/j.jeurceramsoc.2024.117160,2024-12-25,See publisher notice
67,Retraction notice to “dietary fibre and phenolic-rich extracts from Musa paradisiaca inflorescence ameliorates type 2 diabetes and associated cardiovascular risks [J. Funct. Foods 31 (2017) 198–207]”,"Arun, K.B.",Journal of Functional Foods,2025,10.1016/j.jff.2025.106711,2025-03-10,See publisher notice
68,Retraction notice to “Effects of different storage conditions on chemical and physical properties of white mushrooms after vacuum cooling” [J. Food Eng. 77 (3) (December 2006) 545–549],"Tao, Fei",Journal of Food Engineering,2018,10.1016/j.jfoodeng.2018.03.001,2019-05-07,See publisher notice
69,Retraction notice to “Study of the filtration performance of a plain wave fabric filter using response surface methodology” [J. Hazard. Mater. 176 (2010) 559–568],"Qian, Fuping",Journal of Hazardous Materials,2010,10.1016/j.jhazmat.2010.07.001,2019-01-26,See publisher notice
70,"Retraction notice to “Layer silicates modified with 1,4-bis(3-aminopropyl)piperazine for the removal of Th(IV), U(VI) and Eu(III) from aqueous media” [J. Hazard. Mater. 171 (2009) 514–523]","Guerra, Denis L.",Journal of Hazardous Materials,2011,10.1016/j.jhazmat.2011.03.012,2019-01-26,See publisher notice
71,Clinical and CT imaging features of 2019 novel coronavirus disease (COVID-19),"Zhu, Ying",Journal of Infection,2020,10.1016/j.jinf.2020.03.033,2025-09-27,See publisher notice
72,Retraction notice to: “Complex Bogoslovsky Finsler Metrics” [J. Math. Anal. Appl. 391 (1) (2012) 159–169],"Peyghana, E.",Journal of Mathematical Analysis and Applications,2013,10.1016/j.jmaa.2012.09.037,2019-01-22,See publisher notice
73,RETRACTED: Extreme oceanographic events recorded in the southwest coast of India during the 1998–1999 summer season,"Krishna, K. Muni",Journal of Marine Systems,2010,10.1016/j.jmarsys.2009.07.003,2025-10-13,See publisher notice
74,WITHDRAWN: Computer simulation of the thermal regime of double-loop channel induction furnaces,"Ghojel, J.I.",Journal of Materials Processing Technology,2004,10.1016/j.jmatprotec.2004.04.356,2020-04-02,See publisher notice
75,RETRACTED: Fabrication and electromagnetic characteristics of microwave absorbers containing Li0.35Zn0.3Fe2.35O4 micro-belts and nickel-coated carbon fibers,"Zhao, Bin",Journal of Magnetism and Magnetic Materials,2013,10.1016/j.jmmm.2013.06.017,2019-07-17,See publisher notice
76,RETRACTED: Gd substituted NiCa ferrite/poly vinyl alcohol nanocomposite,"Prasad, Arun S.",Journal of Magnetism and Magnetic Materials,2015,10.1016/j.jmmm.2015.05.055,2019-05-07,See publisher notice
77,WITHDRAWN: A comparative study of hydrogen-induced cracking resistances of API 5L B and X52MS carbon steels,"Figueredo, Rodrigo Monzon",Journal of Materials Research and Technology,2019,10.1016/j.jmrt.2018.08.015,2025-11-06,See publisher notice
78,WITHDRAWN: The accurate transition dipole moment and line intensities of NO(X2Π) based on averaged quadratic coupled-cluster calculations,"Chen, Huajun",Journal of Molecular Spectroscopy,2013,10.1016/j.jms.2013.10.003,2025-09-19,See publisher notice
79,WITHDRAWN: Unicondylar knee replacement versus total knee replacement for the treatment of medial knee osteoarthritis: A systematic review and meta-analysis,"Deng, Meichao",Journal of Orthopaedics,2020,10.1016/j.jor.2020.08.009,2025-10-19,See publisher notice
80,SOGC Guideline Retirement Notice No. 8,,Journal of Obstetrics and Gynaecology Canada,2024,10.1016/j.jogc.2024.102597,2024-07-12,See publisher notice
81,"WITHDRAWN: Optimized Structures and Ring Strain Energies of Isoelectronic Homo- and Heterogermiranes c-AX2GeH2GeH2q (A/q = Ga/–1, Ge/0, As/+1): Variable Trends Across Triads","Allard, Christina L.",Journal of Organometallic Chemistry,2013,10.1016/j.jorganchem.2013.04.012,2025-09-20,See publisher notice
82,"WITHDRAWN: Synthesis 6%Mn/ZnO as super-rapid-adsorbent-photocatalyst (SRAP): remove azo dyes in darkness and under visible light, adsorption isotherms and kinetics study","Shahbazkhany, Saeedeh",Journal of Photochemistry and Photobiology B: Biology,2020,10.1016/j.jphotobiol.2020.112007,2025-10-19,See publisher notice
83,Erratum to “Economic reform when institutional quality is weak: The case of the Maghreb” [J. Policy Model. 29 (1) (2007) 65–79],"Baliamoune-Lutz, Mina",Journal of Policy Modeling,2007,10.1016/j.jpolmod.2006.04.015,2025-09-27,See publisher notice
84,WITHDRAWN: A ‘Sea anemone’ onychomatricoma,"Zhu, Xi Ming",JPRAS Open,2020,10.1016/j.jpra.2020.07.002,2025-11-07,See publisher notice
85,RETRACTED: Left hemisphere lateralization of the limbic system and frontoparietal network (FPN) correlates with positive and negative symptom improvement following cannabidiol (CBD) administration in psychosis and ultra-high risk (UHR) populations: A voxel-wise meta-analysis,"Pierce, Zachary P.",Journal of Psychiatric Research,2024,10.1016/j.jpsychires.2024.05.029,2024-09-02,See publisher notice
86,"WITHDRAWN: Création du Comité interministériel du handicap, 4 novembre 2009",,Journal de Réadaptation Médicale : Pratique et Formation en Médecine Physique et de Réadaptation,2010,10.1016/j.jrm.2010.01.007,2025-10-01,See publisher notice
87,WITHDRAWN: Expression and functional characterization of guanylyl cyclase C receptor in HepG2 cells: Two-step regulation by dexamethasone and hepatocyte nuclear factor 4 (HNF4),"Basu, Arindam",The Journal of Steroid Biochemistry and Molecular Biology,2012,10.1016/j.jsbmb.2012.06.003,2025-10-17,See publisher notice
88,WITHDRAWN: Multi-walled carbon nanotube-acetophenone oxime functionalized copolymer–carbon paste electrode for potentiometric determination of silver (I) ion,"Gilani, Nastaran Sohrabi",Journal of Saudi Chemical Society,2015,10.1016/j.jscs.2015.04.001,2025-01-06,See publisher notice
89,RETRACTED: Melatonin alleviates acute spinal cord injury in rats through promoting on progenitor cells proliferation,"Zheng, Bolong",Saudi Pharmaceutical Journal,2017,10.1016/j.jsps.2017.04.025,2025-01-06,See publisher notice
90,Withdrawn: The effects of MiR-223 on the sensitivity of non-small cell lung cancer cells to erlotinib and its underlying mechanisms,"Du, Xiaoyuan",Saudi Pharmaceutical Journal,2017,10.1016/j.jsps.2017.04.031,2025-01-06,See publisher notice
91,Retraction notice to: “Flap side edge noise modeling and prediction” [J. Sound Vibr. 332 (2013) 3846–3868],"Guo, Yueping",Journal of Sound and Vibration,2014,10.1016/j.jsv.2014.04.002,2019-05-07,See publisher notice
92,WITHDRAWN: Surgically induced myocardial ischemia: How best to mitigate the injury,"del Nido, Pedro J.",The Journal of Thoracic and Cardiovascular Surgery,2017,10.1016/j.jtcvs.2016.09.094,2020-10-02,See publisher notice
93,"REMOVED: False aneurysm of the facial artery as complication of sagittal split osteotomy, [Journal of Cranio-Maxillofacial Surgery. Volume 36, Issue 3, April 2008, Pages 180–182]","Pappa, Helena",Journal of Cranio-Maxillofacial Surgery,2017,10.1016/j.jcms.2017.06.009,2025-10-19,See publisher notice
94,WITHDRAWN: Mechanisms and environmental implications of strontium distribution in bentonite-colloid-water systems,"Cai, Fangfei",Journal of Environmental Chemical Engineering,2025,10.1016/j.jece.2025.117627,2025-11-08,See publisher notice
95,Retraction notice to “4-dimethylaminopyridine: Discovery of a co-reactant system providing outstanding and reliable emission in electrochemiluminescence” [J. Electroanal. Chem. 921 (2022) 116507],"Pham, Nguyen Sy",Journal of Electroanalytical Chemistry,2024,10.1016/j.jelechem.2023.117970,2025-10-28,See publisher notice
96,Retraction notice to “Sustainability with environmental policy stringency and financial development for green technological innovations: Evidence from Sub-Saharan Africa” [J. Environ. Manag. 373 (2025) 123429],"Fatima, Nudrat",Journal of Environmental Management,2025,10.1016/j.jenvman.2025.125254,2025-07-03,See publisher notice
97,WITHDRAWN: Synthesis of Sr0.5Ba0.5Nb2O6 by citrate gel method,"Pasricha, Renu",Materials Chemistry and Physics,2005,10.1016/j.matchemphys.2005.04.003,2025-10-01,See publisher notice
98,WITHDRAWN: Facile synthesis of Pt nanocrystals with controllable nanostructures and dominant facets as highly active electrocatalysts for ethanol and ethylene glycol oxidation,"Hu, Chao",Materials Chemistry and Physics,2019,10.1016/j.matchemphys.2019.122460,2025-10-01,See publisher notice
99,"RETRACTED: Motion of hybrid nanofluid
                    <mml:math xmlns:mml=""http://www.w3.org/1998/Math/MathML"" display=""inline"" id=""d1e390"" altimg=""si3.svg"">
                      <mml:mrow>
                        <mml:mo>(</mml:mo>
                        <mml:mtext>MnZnF</mml:mtext>
                        <mml:msub>
                          <mml:mrow>
                            <mml:mi mathvariant=""normal"">e</mml:mi>
                          </mml:mrow>
                          <mml:mrow>
                            <mml:mn>2</mml:mn>
                          </mml:mrow>
                        </mml:msub>
                        <mml:msub>
                          <mml:mrow>
                            <mml:mi mathvariant=""normal"">O</mml:mi>
                          </mml:mrow>
                          <mml:mrow>
                            <mml:mn>4</mml:mn>
                          </mml:mrow>
                        </mml:msub>
                        <mml:mtext>–NiZnF</mml:mtext>
                        <mml:msub>
                          <mml:mrow>
                            <mml:mi mathvariant=""normal"">e</mml:mi>
                          </mml:mrow>
                          <mml:mrow>
                            <mml:mn>2</mml:mn>
                          </mml:mrow>
                        </mml:msub>
                        <mml:msub>
                          <mml:mrow>
                            <mml:mi mathvariant=""normal"">O</mml:mi>
                          </mml:mrow>
                          <mml:mrow>
                            <mml:mn>4</mml:mn>
                          </mml:mrow>
                        </mml:msub>
                        <mml:mtext>–</mml:mtext>
                        <mml:msub>
                          <mml:mrow>
                            <mml:mi mathvariant=""normal"">H</mml:mi>
                          </mml:mrow>
                          <mml:mrow>
                            <mml:mn>2</mml:mn>
                          </mml:mrow>
                        </mml:msub>
                        <mml:mi mathvariant=""normal"">O</mml:mi>
                        <mml:mo>)</mml:mo>
                      </mml:mrow>
                    </mml:math>
                    with homogeneous–heterogeneous reaction: Marangoni convection","Li, Yi-Xia",Mathematics and Computers in Simulation,2021,10.1016/j.matcom.2021.07.017,2024-12-02,See publisher notice
100,RETRACTED: Ecofriendly energy efficient welding of aluminium matrix composites for aerospace applications: A state of art review,"Kumar, Niraj",Materials Today: Proceedings,2020,10.1016/j.matpr.2020.02.352,2025-11-01,See publisher notice
101,&lt;p&gt;Polydatin exerts anti-tumor effects against renal cell carcinoma cells via induction of caspase-dependent apoptosis and inhibition of the PI3K/Akt pathway [Retraction]&lt;/p&gt;,"Jin, Yi-Li",OncoTargets and Therapy,2019,10.2147/ott.s216516,2019-06-03,See publisher notice
102,Retraction,,Journal of Clinical Oncology,2011,10.1200/jco.2011.40.2107,2022-05-25,See publisher notice
103,Retraction: Nuclear Receptors as Targets for Drug Development: Crosstalk Between Peroxisome Proliferator-Activated Receptor ^|^gamma; and Cytokines in Bone Marrow-Derived Mesenchymal Stem Cells,"Takada, Ichiro",Journal of Pharmacological Sciences,2013,10.1254/jphs.097184rt,2021-05-19,See publisher notice
104,"Retraction: Pharmacokinetic Interaction of Paeoniflorin and Sinomenine: Pharmacokinetic Parameters and Tissue Distribution Characteristics in Rats and Protein Binding Ability In Vitro  Retraction: Erratum to J Pharmacol Sci 99, 381-391 (2005)","Liu, Zhong Qiu",Journal of Pharmacological Sciences,2007,10.1254/jphs.rt0994381,2021-05-19,See publisher notice
105,Retracted: Phosphorylated Glycogen Synthase Kinase-3β (GSK-3β) Improves Cognition in Rats with Diabetes-Associated Cognitive Decline,"Ke, Boxi",Medical Science Monitor,2019,10.12659/msm.919343,2019-08-21,See publisher notice
106,Retraction: 24-Hour Rhythms of DNA Methylation and Their Relation with Rhythms of RNA Expression in the Human Dorsolateral Prefrontal Cortex,"Lim, Andrew S. P.",PLOS Genetics,2021,10.1371/journal.pgen.1009895,2021-11-04,See publisher notice
107,"Retraction: Magnitude and associated factors of mortality among patients admitted with COVID-19 in Addis Ababa, Ethiopia",,PLOS Global Public Health,2024,10.1371/journal.pgph.0003279,2024-05-16,See publisher notice
108,Retraction: Heat Shock Protein 27 Is Spatially Distributed in the Human Placenta and Decreased during Labor,,PLOS ONE,2018,10.1371/journal.pone.0199803,2018-10-22,See publisher notice
109,Retraction: Grape Seed Proanthocyanidins Inhibit the Invasiveness of Human HNSCC Cells by Targeting EGFR and Reversing the Epithelial-To-Mesenchymal Transition,,PLOS ONE,2018,10.1371/journal.pone.0210346,2020-05-08,See publisher notice
110,Retraction: Fluid–Structure Interaction-Based Biomechanical Perception Model for Tactile Sensing,,PLOS ONE,2019,10.1371/journal.pone.0224189,2020-05-09,See publisher notice
111,Retraction: Mutations in the Fusion Protein Cleavage Site of Avian Paramyxovirus Serotype 4 Confer Increased Replication and Syncytium Formation In Vitro but Not Increased Replication and Pathogenicity in Chickens and Ducks,,PLOS ONE,2020,10.1371/journal.pone.0244076,2020-12-14,See publisher notice
112,Retraction: SUMOylation of Mouse p53b by SUMO-1 Promotes Its Pro-Apoptotic Function in Ovarian Granulosa Cells,,PLOS ONE,2021,10.1371/journal.pone.0248927,2021-03-16,See publisher notice
113,Retraction Note: Comparison of two FDA-approved interspinous spacers for treatment of lumbar spinal stenosis: Superion versus X-STOP—a meta-analysis from five randomized controlled trial studies,"Zhao, He",Journal of Orthopaedic Surgery and Research,2018,10.1186/s13018-018-0845-7,2019-10-18,See publisher notice
114,Retraction Note: Assessing cardiorespiratory fitness of soccer players: is test specificity the issue?–a review,"Jemni, Monèm",Sports Medicine - Open,2019,10.1186/s40798-019-0217-9,2020-10-15,See publisher notice
115,Retraction Note: Fatal factitious Cushing syndrome (Münchhausen’s syndrome) in a patient with macroprolactinoma and silent corticotrophinoma: case report and literature review,"Minanni, Carlos André",Clinical Diabetes and Endocrinology,2016,10.1186/s40842-016-0022-z,2017-06-26,See publisher notice
116,Retraction Note: A brief history of human evolution: challenging Darwin’s claim,"Umer, Sarah",International Journal of Anthropology and Ethnology,2019,10.1186/s41257-019-0017-7,2020-02-18,See publisher notice
117,New Light on Intravascular Volume Replacement Regimens: What Did We Learn from the Past Three Years?: Retraction,,Anesthesia &amp; Analgesia,2020,10.1213/ane.0000000000005020,2023-07-21,See publisher notice
118,Retraction: Antioxidant-induced modification of INrf2 cysteine 151 and PKC-δ-mediated phosphorylation of Nrf2 serine 40 are both required for stabilization and nuclear translocation of Nrf2 and increased drug resistance,"Niture, Suryakant K.",Journal of Cell Science,2017,10.1242/jcs.202093,2024-07-19,See publisher notice
119,Retraction: Arg tyrosine kinase modulates TGF-β1 production in human renal tubular cells under high-glucose conditions,"Torsello, Barbara",Journal of Cell Science,2020,10.1242/jcs.254847,2024-06-13,See publisher notice
120,RETRACTED: A low-cost in-house HIV integrase strand transfer inhibitor drug resistance test for resource-limited settings,"Onwong'a, Vera M.",F1000Research,2021,10.12688/f1000research.52954.1,2022-02-17,See publisher notice
121,Hiding multi-level multi-color images in terahertz metasurfaces: retraction,"Chanana, Ashish",Optica,2020,10.1364/optica.401388,2024-08-06,See publisher notice
122,"Retraction: Research on College Students’ Innovation and Entrepreneurship Education Based on Computer Multimedia Technology (J. Phys.: Conf. Ser.
                  1648 032023)",,Journal of Physics: Conference Series,2020,10.1088/1742-6596/1648/3/032206,2024-08-20,See publisher notice
123,"Retraction: Research on Internal Control Demand, Supply and Supervision of Chinese Listed Companies based on Big Data Analysis (J. Phys.: Conf. Ser.
                  1648 032044)",,Journal of Physics: Conference Series,2020,10.1088/1742-6596/1648/3/032214,2024-08-20,See publisher notice
124,"Retraction: Research on the Influencing Factors of Higher Nursing Education in the Connection of Clinical Practice under Computer-aided Technology (J. Phys.: Conf. Ser.
                  1648 032062)",,Journal of Physics: Conference Series,2020,10.1088/1742-6596/1648/3/032217,2024-08-20,See publisher notice
125,"Retraction: Advances in Plant Genetic Engineering Based on the Analysis of Big Data from the Perspective of Biological Mechanism (J. Phys.: Conf. Ser.
                  1744 022086)",,Journal of Physics: Conference Series,2021,10.1088/1742-6596/1744/2/022152,2024-08-20,See publisher notice
126,"Retraction: Opportunities Challenges Countermeasures: Physical Health Promotion of College Students in the Era of Big Data (J. Phys.: Conf. Ser.
                  1744 042244)",,Journal of Physics: Conference Series,2021,10.1088/1742-6596/1744/4/042280,2024-08-20,See publisher notice
127,"Retraction: Machine Learning Based Classification Models for Heart Disease Prediction (J. Phys.: Conf. Ser
                  1916 012092)",,Journal of Physics: Conference Series,2021,10.1088/1742-6596/1916/1/012236,2024-08-20,See publisher notice
128,"Retraction: A Safety Measuring Tool to Maintain Social Distancing On COVID-19 Using Deep Learning Approach (J. Phys.: Conf. Ser.
                  1916 012122)",,Journal of Physics: Conference Series,2021,10.1088/1742-6596/1916/1/012361,2024-08-20,See publisher notice
129,"Retraction: Power factor correction based EV battery charger using a bridgeless isolated SEPIC converter (J. Phys.: Conf. Ser.
                  1916 012143)",,Journal of Physics: Conference Series,2021,10.1088/1742-6596/1916/1/012382,2024-08-20,See publisher notice
130,"Retraction: Ensemble Modeling on Job Scam Detection (J. Phys.: Conf. Ser.
                  1916 012167)",,Journal of Physics: Conference Series,2021,10.1088/1742-6596/1916/1/012405,2024-08-20,See publisher notice
131,"Retraction: Research on the Application Value of Orff Music Education System in College Music Education Based on Computer New Media Technology (J. Phys.: Conf. Ser.
                  1992 032032)",,Journal of Physics: Conference Series,2021,10.1088/1742-6596/1992/3/032158,2024-08-20,See publisher notice
132,"Retraction: Smart Health Monitoring Bodyarea Network Using Raspberry Pi (J. Phys.: Conf. Ser.
                  1916 012218)",,Journal of Physics: Conference Series,2021,10.1088/1742-6596/1916/1/012455,2024-08-20,See publisher notice
133,"Retraction: Fake News Detection on Social Media Using Machine Learning (J. Phys.: Conf. Ser.
                  1916 012235)",,Journal of Physics: Conference Series,2021,10.1088/1742-6596/1916/1/012472,2024-08-20,See publisher notice
134,NOTICE OF RETRACTION: The Journal regretfully retracts the following paper: A Feasibility Study of a Top-Casing Electric Source Method for Detecting and Imaging a Shallow Hydraulically-Active Fractured Zone: 3D Finite Element Direct Current Modeling Approach,"Um, Evan Schankee",Geophysical Journal International,2019,10.1093/gji/ggx431,2019-04-07,See publisher notice
135,The Crisis of Zionism. By Peter Beinart,,Journal of Church and State,2013,10.1093/jcs/cst044,2019-11-14,See publisher notice
136,"Corruption, Economic Analysis and International Law. By MARCO ARNONE and LEONARDO S. BORLINI","Micara, Anna G.",Journal of International Economic Law,2016,10.1093/jiel/jgw066,2017-01-13,See publisher notice
137,"Withdrawn: A new record of longicorn beetle, Acanthophorus rugiceps, from India as a root borer on physic nut, Jatropha curcas, with a description of life stages, biology, and seasonal dynamics","Prabhakar, Mathyam",Journal of Insect Science,2013,10.1093/jis/13.1.119,2017-08-23,See publisher notice
138,Retracted: Regenerative Medicine for Neurological Disorders,,The Scientific World Journal,2012,10.1100/2012/952182,2024-01-06,See publisher notice
139,"Retraction: Casimir frictional drag force between a
                    <mml:math xmlns:mml=""http://www.w3.org/1998/Math/MathML"">
                      <mml:msub>
                        <mml:mi>SiO</mml:mi>
                        <mml:mn>2</mml:mn>
                      </mml:msub>
                    </mml:math>
                    tip and a graphene-covered
                    <mml:math xmlns:mml=""http://www.w3.org/1998/Math/MathML"">
                      <mml:msub>
                        <mml:mi>SiO</mml:mi>
                        <mml:mn>2</mml:mn>
                      </mml:msub>
                    </mml:math>
                    substrate [Phys. Rev. B
                    <b>94</b>
                    , 235450 (2016)]","Volokitin, A. I.",Physical Review B,2020,10.1103/physrevb.101.049902,2020-01-03,See publisher notice
140,"Retraction: Spherically symmetric solutions, Newton’s law, and the infrared limit
                    <mml:math xmlns:mml=""http://www.w3.org/1998/Math/MathML"" display=""inline"">
                      <mml:mi>λ</mml:mi>
                      <mml:mo>→</mml:mo>
                      <mml:mn>1</mml:mn>
                    </mml:math>
                    in covariant Horava-Lifshitz gravity [Phys. Rev. D
                    <b>84</b>
                    , 084020 (2011)]","Alexandre, Jean",Physical Review D,2012,10.1103/physrevd.86.049905,2017-04-05,See publisher notice
141,"Retraction: Anomalous Melting Scenario of the Two-Dimensional Core-Softened System [Phys. Rev. Lett.
                    <b>112</b>
                    , 157803 (2014)]","Dudalov, D. E.",Physical Review Letters,2014,10.1103/physrevlett.113.239901,2025-01-02,See publisher notice
142,Retraction notice,,Kybernetes,2014,10.1108/k-06-2014-005,2025-07-24,See publisher notice
143,Notice of Retraction: Urban Niche Expansion Estimation Research under mode of recycling economy,"Suo, Guibin","2011 2nd International Conference on Artificial Intelligence, Management Science and Electronic Commerce (AIMSEC)",2011,10.1109/aimsec.2011.6009696,2021-12-23,See publisher notice
144,Notice of Retraction: Practical exploration on developing the capability of postgraduates,"Wei, Chongyu","2011 2nd International Conference on Artificial Intelligence, Management Science and Electronic Commerce (AIMSEC)",2011,10.1109/aimsec.2011.6009704,2019-06-10,See publisher notice
145,Notice of Retraction: Taxpayer compliance in China: A prospect theory analysis,Hua Liu,"2011 2nd International Conference on Artificial Intelligence, Management Science and Electronic Commerce (AIMSEC)",2011,10.1109/aimsec.2011.6009750,2021-12-23,See publisher notice
146,Notice of Retraction: Study on the risks of clusters and risk prevention from the collective perspective,Guan Zhou,"2011 2nd International Conference on Artificial Intelligence, Management Science and Electronic Commerce (AIMSEC)",2011,10.1109/aimsec.2011.6009709,2019-06-10,See publisher notice
147,Notice of Retraction: Turbocharger parts in a multi-enterprise manufacturing and quality control of production,"Qiu, Li-jun","2011 2nd International Conference on Artificial Intelligence, Management Science and Electronic Commerce (AIMSEC)",2011,10.1109/aimsec.2011.6009924,2019-06-10,See publisher notice
148,Notice of Retraction: Use ‘SMATR’ package of R to analysis the variation of plant leaf functional traits under contracting nutrient supply in Horqin Sandy Land,"Mao, Wei","2011 2nd International Conference on Artificial Intelligence, Management Science and Electronic Commerce (AIMSEC)",2011,10.1109/aimsec.2011.6009934,2019-06-10,See publisher notice
149,Notice of Retraction: Nonlinear dynamical analyses for the beam-column structure,Wen-Hao Han,"2011 2nd International Conference on Artificial Intelligence, Management Science and Electronic Commerce (AIMSEC)",2011,10.1109/aimsec.2011.6010090,2019-06-10,See publisher notice
150,Notice of Retraction: Research about dynamic inflation object impacting on our country's economy,Qi-lin Wu,"2011 2nd International Conference on Artificial Intelligence, Management Science and Electronic Commerce (AIMSEC)",2011,10.1109/aimsec.2011.6010132,2021-12-05,See publisher notice
151,Notice of Retraction: Coal mine safety management system based on the chart analysis method,"Jing, Guo-xun","2011 2nd International Conference on Artificial Intelligence, Management Science and Electronic Commerce (AIMSEC)",2011,10.1109/aimsec.2011.6010178,2019-06-10,See publisher notice
152,Efficacy of E-Business ecological chain,Cequn Lou,"2011 2nd International Conference on Artificial Intelligence, Management Science and Electronic Commerce (AIMSEC)",2011,10.1109/aimsec.2011.6010819,2017-03-21,See publisher notice
153,Notice of Retraction: The analysis of labor relation of the teachers in independent colleges,Liling Wu,"2011 2nd International Conference on Artificial Intelligence, Management Science and Electronic Commerce (AIMSEC)",2011,10.1109/aimsec.2011.6010941,2021-12-23,See publisher notice
154,Notice of Retraction: Ethical concerns on the value of students perception — Taking College English teaching as an example,"Sumin, Nie","2011 2nd International Conference on Artificial Intelligence, Management Science and Electronic Commerce (AIMSEC)",2011,10.1109/aimsec.2011.6011041,2019-06-10,See publisher notice
155,"Notice of Retraction: Study on the development of resort real estate based on a survey in GuangZhou, China",Tong Wen,"2011 2nd International Conference on Artificial Intelligence, Management Science and Electronic Commerce (AIMSEC)",2011,10.1109/aimsec.2011.6011090,2019-06-10,See publisher notice
156,Notice of Retraction: Theoretical and applied research of water bank on the water resources development and utilization in Chaohe river basin,Changying Shi,"2011 2nd International Conference on Artificial Intelligence, Management Science and Electronic Commerce (AIMSEC)",2011,10.1109/aimsec.2011.6011267,2021-12-22,See publisher notice
157,Notice of Retraction: Electricity Load Forecasting based on Energy-Saving and Emission Reduction,"Gu, Jie",2010 Asia-Pacific Power and Energy Engineering Conference,2010,10.1109/appeec.2010.5448669,2019-06-10,See publisher notice
158,Notice of Retraction: Application of Network Technique in Transformer Fault Diagnosis,"Yang, Qi-ping",2010 Asia-Pacific Power and Energy Engineering Conference,2010,10.1109/appeec.2010.5448698,2019-06-10,See publisher notice
159,Notice of Retraction: Management Innovation of SMEs during the post-crisis time,Weiyu Chen,"2011 2nd International Conference on Artificial Intelligence, Management Science and Electronic Commerce (AIMSEC)",2011,10.1109/aimsec.2011.6011409,2024-03-13,See publisher notice
160,Notice of Retraction: Strategy on Eliminating Transformer Bias Magnet in Push-Pull Forward Converter,"Jia, Dandan",2009 Asia-Pacific Power and Energy Engineering Conference,2009,10.1109/appeec.2009.4918784,2019-06-10,See publisher notice
161,Notice of Violation of IEEE Publication Principles: Detecting New Trends in Terrorist Networks,"Wiil, Uffe Kock",2010 International Conference on Advances in Social Networks Analysis and Mining,2010,10.1109/asonam.2010.73,2020-02-05,See publisher notice
162,Notice of Retraction: A Learning Tool of Genetic Algorithm,"Li, Jing",2010 Second International Workshop on Education Technology and Computer Science,2010,10.1109/etcs.2010.251,2019-06-10,See publisher notice
163,Notice of Retraction: Waste Water Treatment by Modified Fly Ash,"Li, Huan",2011 5th International Conference on Bioinformatics and Biomedical Engineering,2011,10.1109/icbbe.2011.5781112,2021-12-23,See publisher notice
164,Notice of Retraction: Synthesis and Characterization of Cationic Polyacrylamide Emulsion as Flocculant,"Wang, Yufeng",2011 5th International Conference on Bioinformatics and Biomedical Engineering,2011,10.1109/icbbe.2011.5781121,2019-06-10,See publisher notice
165,Notice of Retraction: Investigations of Copper Corrosion Inhibition in Citric Acid by PASP Using Steady Polarization,"He, Rui",2011 5th International Conference on Bioinformatics and Biomedical Engineering,2011,10.1109/icbbe.2011.5781227,2019-06-10,See publisher notice
166,Notice of Retraction: Ventilation Air Methane Recovery by Pressure Swing Adsorption,"Liu, Yingshu",2011 5th International Conference on Bioinformatics and Biomedical Engineering,2011,10.1109/icbbe.2011.5781248,2019-06-10,See publisher notice
167,Notice of Retraction: Enhancing Phytoremediation of Heavy Metals Contaminated Soils,"Su, Xiao-lang",2011 5th International Conference on Bioinformatics and Biomedical Engineering,2011,10.1109/icbbe.2011.5781358,2021-12-22,See publisher notice
168,Notice of Retraction: Isolation and Properties of Cypermethrin-Degrading Acinetobacter junii ML9,"Zheng, Lingling",2011 5th International Conference on Bioinformatics and Biomedical Engineering,2011,10.1109/icbbe.2011.5781367,2019-06-10,See publisher notice
169,Notice of Retraction: Comparative Environmental Assessments of Hospital Waste Management Systems,"Zhao, Wei",2011 5th International Conference on Bioinformatics and Biomedical Engineering,2011,10.1109/icbbe.2011.5781386,2019-06-10,See publisher notice
170,Notice of Retraction: The Preparation and Characterization of Red Mud-Based Porous Materials with Pore-Forming Agents,"Guo, Wenmin",2011 5th International Conference on Bioinformatics and Biomedical Engineering,2011,10.1109/icbbe.2011.5781454,2019-06-10,See publisher notice
171,"Disposal of Residential Pharmaceutical Waste: An Initial Survey on Attitudes, Behaviors and Risk Perception in Portugal","Martinho, Maria da Graca",2011 5th International Conference on Bioinformatics and Biomedical Engineering,2011,10.1109/icbbe.2011.5781493,2019-02-25,See publisher notice
172,Notice of Retraction: Mutagenic Action of Milbemycin oxime,"Qu, Mingli",2011 5th International Conference on Bioinformatics and Biomedical Engineering,2011,10.1109/icbbe.2011.5781525,2024-04-07,See publisher notice
173,Notice of Retraction: Latest Human Resources management concepts and practices,Dong Haoping,2011 International Conference on Business Management and Electronic Information,2011,10.1109/icbmei.2011.5920527,2021-12-23,See publisher notice
174,Notice of Retraction: Study on Rainwater Utilization in Eco-Area,"Peng, Chenrui",2011 5th International Conference on Bioinformatics and Biomedical Engineering,2011,10.1109/icbbe.2011.5781630,2019-06-10,See publisher notice
175,Notice of Retraction: Factors that affect the growth of farmers' income,"Weian, Du",2011 International Conference on Business Management and Electronic Information,2011,10.1109/icbmei.2011.5917867,2021-12-23,See publisher notice
176,Notice of Retraction: A study of customer behavior base on the psychological contract violation for example with tourism,Yang Lin,2011 International Conference on Business Management and Electronic Information,2011,10.1109/icbmei.2011.5920342,2019-06-10,See publisher notice
177,Notice of Retraction: The Potential Geographic Distribution of the Invasive Weed Eupatorium adenophorum Spreng in China,"Tan, Yongqin",2011 5th International Conference on Bioinformatics and Biomedical Engineering,2011,10.1109/icbbe.2011.5781660,2025-03-05,See publisher notice
178,Notice of Retraction: Damage identification based on wavelet packets &amp; Frequency Response Function,Song Zishou,2010 International Conference on Computer Application and System Modeling (ICCASM 2010),2010,10.1109/iccasm.2010.5619994,2019-06-10,See publisher notice
179,Notice of Retraction: The application of WEIBULL distribution function in stand diameter growth and mortality,Gong Zhi-wen,2010 International Conference on Computer Application and System Modeling (ICCASM 2010),2010,10.1109/iccasm.2010.5620040,2020-06-13,See publisher notice
180,Notice of Retraction: Noninvasive glucose monitoring in vivo based on Monte Carlo modeling,Li Xia Yu,2010 International Conference on Computer Application and System Modeling (ICCASM 2010),2010,10.1109/iccasm.2010.5620452,2019-06-10,See publisher notice
181,Notice of Retraction: Predictions of maximum forging load and effective stress for strain-hardening material of near net-shape helical gear forging,Tung-Sheng Yang,2010 2nd International Conference on Computer Engineering and Technology,2010,10.1109/iccet.2010.5486011,2019-06-10,See publisher notice
182,Notice of Retraction: Conceptual Framework for a Heuristics Based Methodology for Interface Evaluation of Educational Games,"Omar, Hasiah Mohamed",2009 International Conference on Computer Technology and Development,2009,10.1109/icctd.2009.249,2019-06-10,See publisher notice
183,Notice of Retraction: Preparation and Electromechanical Performance Analysis of Self-healing Electrostrictive Polymer,"Zhang, Zhanxi",2020 IEEE 3rd International Conference on Dielectrics (ICD),2020,10.1109/icd46958.2020.9341837,2022-06-27,See publisher notice
184,Notice of Retraction: The obstacles and measures for the implementation of the Partnering Mode in project management,"Wenqin, Li",2011 International Conference on E-Business and E-Government (ICEE),2011,10.1109/icebeg.2011.5885342,2019-06-10,See publisher notice
185,Notice of Retraction: Study on the effect of foreign investment enterprise on WUxi local economic,"Yuan, Jiang",2011 International Conference on E-Business and E-Government (ICEE),2011,10.1109/icebeg.2011.5882692,2019-06-10,See publisher notice
186,Notice of Retraction: The current situation analyses and lifting countermeasure of regional innovation capacity in Hebei,"Ling, Wang Jun",2011 International Conference on E-Business and E-Government (ICEE),2011,10.1109/icebeg.2011.5882711,2019-06-10,See publisher notice
187,Notice of Retraction: Quality control study of construction equipment installation project,"Wu, Weihong",2011 International Conference on E-Business and E-Government (ICEE),2011,10.1109/icebeg.2011.5884519,2019-06-10,See publisher notice
188,Notice of Retraction: Empirical research on the effect on listing corporation from different industry of RMB appreciation,"Yi, Zhou",2011 International Conference on E-Business and E-Government (ICEE),2011,10.1109/icebeg.2011.5882347,2019-06-10,See publisher notice
189,Notice of Retraction: Practice and consideration on computer network course of electronics specialty,"Xin, Xia",2011 International Conference on E-Business and E-Government (ICEE),2011,10.1109/icebeg.2011.5887131,2019-06-10,See publisher notice
190,Notice of Retraction: Enhancing foreign language teaching in engineering education,Yan-li Zhang,2010 International Conference on Educational and Information Technology,2010,10.1109/iceit.2010.5607566,2021-12-23,See publisher notice
191,Notice of Retraction Research on elements restricting citizenization of new generation migrant workers and strategy,"Bo, Zhao",2011 International Conference on Electrical and Control Engineering,2011,10.1109/iceceng.2011.6058078,2021-12-22,See publisher notice
192,Notice of Retraction: The competitive advantage research of small and medium-sized enterprise in internationalization growth,"Shu-wang, Yang",2011 International Conference on E-Business and E-Government (ICEE),2011,10.1109/icebeg.2011.5887196,2021-12-23,See publisher notice
193,Notice of Retraction: Construction of network course in university,"Liejun, Wang",2011 International Conference on E-Business and E-Government (ICEE),2011,10.1109/icebeg.2011.5887058,2019-06-10,See publisher notice
194,Notice of Violation of IEEE Publication Principles: Research on Reliability of Distribution Network Based on Grid Cyber-Physical System and Telecontrol System,"Guo, Yunfei",2017 IEEE International Conference on Energy Internet (ICEI),2017,10.1109/icei.2017.52,2020-04-17,See publisher notice
195,Notice of Retraction: Study of nonlinear isolator dynamic and static characteristics,"Jiang, Meihua",2011 International Conference on Electric Information and Control Engineering,2011,10.1109/iceice.2011.5776935,2019-06-10,See publisher notice
196,Notice of Retraction: The design of motor data acquisition and control system based on DSP,Zhu Gui-xian,2011 International Conference on Electric Information and Control Engineering,2011,10.1109/iceice.2011.5777477,2019-06-10,See publisher notice
197,Notice of Retraction: On the model of autonomous english learning based on Blackboard Academic Suite,Zhang Jian,2010 International Conference on Educational and Information Technology,2010,10.1109/iceit.2010.5607725,2019-06-10,See publisher notice
198,Notice of Retraction: Effects of technical and vocational school teachers' self-efficacy in creative teaching and creative teaching efficacy: Using organizational innovative climate as a mediator variable,Chun-Mei Chou,2010 International Conference on Educational and Information Technology,2010,10.1109/iceit.2010.5608415,2019-06-10,See publisher notice
199,Notice of Retraction: The economic model and empirical analysis of urban social capital in China: 1988–2008,"Wang, Wenqin",2011 International Conference on E-Business and E-Government (ICEE),2011,10.1109/icebeg.2011.5887202,2019-06-10,See publisher notice
200,Notice of Retraction: The review and prospect of theoretical research on knowledge integration,"Jie-mei, Zhang",2011 International Conference on E-Business and E-Government (ICEE),2011,10.1109/icebeg.2011.5887226,2021-12-23,See publisher notice
